1,"Quae quia maxime voluptatum impedit harum ducimus ex qui molestiae eos nobis.","Consequatur dolores veniam minima reiciendis dolorum dolor. Maxime corrupti deserunt laborum aut. Quidem eos dignissimos qui quod. Eos vero voluptas deserunt illum expedita.","2022-12-02 22:02:27",2
2,"Aut voluptatum voluptatem corporis sint iure voluptatem commodi sed ipsum minus.","Magni soluta occaecati qui autem voluptas nostrum expedita. Culpa minus voluptatum veritatis. Quisquam atque eum commodi id. Qui consequuntur recusandae quidem corrupti sit nobis.","2022-11-27 21:18:42",3
3,"Quia impedit eos qui laborum et nemo.","Magnam ut velit placeat tenetur ea. Voluptas exercitationem ut sit odio est id distinctio. Numquam pariatur beatae ut voluptatibus culpa fugit. Ullam rerum doloribus molestiae nulla sint est laborum et. Aut quis nesciunt saepe quam. Quaerat tenetur est dignissimos ipsa blanditiis incidunt magni.","2023-07-12 18:01:18",4
4,"Distinctio et sed velit beatae reiciendis in vitae illo vero aut sit.","Pariatur eius ipsum possimus autem sapiente. Molestias in qui asperiores esse. Odio nemo dolorem laboriosam. Esse excepturi consequatur officiis.","2023-01-12 10:13:25",10
5,"Quo adipisci doloremque illo quod possimus possimus itaque est numquam nobis perspiciatis sed.","Minima laudantium aut pariatur molestiae nisi quia at. Soluta nihil a ut velit quo. Consequatur quia voluptatem occaecati. Debitis illum dolor voluptatem minima sapiente a. Ratione inventore molestiae atque error rerum at. Et voluptatem dolorum qui est itaque odio doloribus.","2023-05-26 22:34:25",6
6,"Ipsam rerum rerum sed aliquid in blanditiis.","Vel laudantium ad eum possimus non sint. Officiis aut dolores sed. Minus consequatur sed tempora doloremque quos exercitationem esse.","2022-11-27 06:44:57",8
7,"Sunt et ea aut id et vel.","Qui est architecto est velit. Porro suscipit aut tenetur sit voluptatem dolorem. Eaque sunt voluptatum rem quod. Nisi omnis suscipit sunt et mollitia.","2023-05-20 03:05:57",4
8,"Error et a corporis voluptatem qui adipisci ad quo dolores nemo et dolorum.","Nam quia error vel. Enim veniam est ut illum provident modi. Deserunt magnam deserunt in autem nostrum ipsum. Est magnam saepe perspiciatis quidem cupiditate.","2023-04-28 20:33:21",5
9,"Debitis eius voluptatem nam unde itaque voluptatum autem.","Optio aut tempore dolor provident. Fugiat exercitationem a dolor excepturi officiis. Libero beatae nemo qui. Fugiat quae aut distinctio eum ut atque ut qui. Impedit est sunt aut accusantium ducimus debitis. Provident eum ut omnis ea ipsum aut eos.","2023-02-20 14:39:40",9
10,"Aut aspernatur perferendis eligendi voluptas necessitatibus asperiores maiores.","Natus facere aperiam non repudiandae. Qui numquam iure omnis praesentium omnis ut modi. Enim cumque in est. Repudiandae aspernatur laudantium omnis nam architecto non.","2022-11-24 04:10:40",2
11,"Aliquam voluptatibus porro harum cumque autem a laborum non sed delectus quis necessitatibus.","Pariatur sit explicabo nesciunt mollitia similique. Hic sed ut voluptas similique voluptatem. Fugiat voluptas hic impedit nemo voluptatibus. Ut atque aut id qui.","2023-03-23 11:49:57",2
12,"Et quam voluptatum rerum dolorem laborum eos molestiae nam ea.","Quia consequatur exercitationem et nihil. Et ut eius qui in. Quam tenetur quae vero eligendi consequatur facere. Est aut iste optio rerum tempora asperiores. Voluptatem sit dolore doloremque est ut. Rem cum porro molestias facilis velit ipsam quis. Qui dolore alias earum odit ut sed eaque.","2023-08-17 04:10:02",10
13,"Ipsum cum blanditiis incidunt aspernatur quam rerum quisquam accusantium vero adipisci quos.","Placeat aperiam deserunt ut ut illum saepe voluptatem facilis. Cumque repudiandae quo in ut magni non. Quia soluta ex harum nesciunt. In quasi similique accusantium qui omnis inventore beatae dolorem. Ab voluptatum atque est. Alias possimus ut commodi omnis. Voluptatibus omnis quo ducimus rerum.","2023-08-24 00:58:19",9
14,"Nobis odio est id nisi modi iste itaque alias tempore quos.","Voluptatum enim voluptas tenetur quia illo eaque saepe. Ut autem neque rerum officiis pariatur aliquam non. Dicta est ad aut necessitatibus quisquam consectetur quia qui. Aut exercitationem enim odio tenetur.","2023-07-15 03:31:37",1
15,"Saepe non sit optio omnis dolores provident sunt aliquid quibusdam ab eveniet autem sed.","Et sit et omnis est rem. Quia pariatur facilis earum molestias exercitationem eos. Officiis aspernatur suscipit blanditiis animi id magnam et. Maiores in molestiae animi quo optio voluptatum.","2023-05-21 00:25:53",3
16,"Possimus laborum autem consequuntur quod at porro minus veniam.","Dolorem dignissimos accusamus quo voluptatum. Aliquid incidunt ea saepe natus ullam velit voluptas. Quidem laboriosam tenetur est officiis blanditiis ab. Quo ut pariatur et cum qui distinctio.","2023-06-25 21:47:18",10
17,"Culpa recusandae error ipsum ut amet perferendis quos maiores nihil praesentium.","Nihil animi temporibus quos et aliquam rerum sit. Non minus quibusdam aut qui. Ut quis velit aut architecto nihil ipsum. Tenetur labore molestiae illo vel maiores et occaecati.","2023-09-23 14:10:30",9
18,"Sed expedita commodi laudantium rerum soluta voluptatem eum possimus.","Maxime perferendis id deserunt fugit. Commodi veniam accusantium ut consectetur fugiat officia sint. Eveniet deleniti sit alias rem. Voluptates provident fugiat ut deleniti eos. Tempora optio quidem voluptas et voluptatum saepe.","2023-06-23 14:33:23",3
19,"Ratione et deleniti consectetur beatae et vel amet.","Aut illo nesciunt magnam est dicta. Eos voluptatum officia autem sunt eius officiis. Delectus autem rerum voluptate ducimus. Eos commodi deleniti sint vel non quidem quos et. Illum vel quo itaque iusto et est. Neque quia et consequatur. Harum non iste non amet debitis qui nobis.","2023-02-04 17:53:46",5
20,"Qui neque et fugiat eligendi autem quia reiciendis inventore et.","Non ut eum eligendi in tempora. Id praesentium iure iusto voluptatem. Sapiente veritatis ab eaque non recusandae molestiae voluptatem. Cumque similique nemo illo ipsum molestiae aut. Neque earum iste facere pariatur quae est quas. Et consequatur maiores hic deserunt ullam. Qui ut qui occaecati.","2023-08-26 04:08:04",1
21,"Beatae natus et est omnis voluptatibus culpa dolor eaque in.","Eaque consequuntur ut sed quibusdam nam velit. Praesentium fugit rem nostrum iusto quis totam quisquam. Autem at voluptatem itaque et. Atque reprehenderit est odit. Accusantium placeat laboriosam sunt unde. Est placeat fugiat sequi quam voluptatem a.","2023-04-05 09:06:48",10
22,"Tempora facilis eos ut repellat quia eum eius.","Culpa voluptate blanditiis molestiae id. Et corporis et fugiat nihil porro. Repudiandae numquam tempore quam qui ut. Natus quis quam eaque.","2023-05-17 01:12:44",10
23,"Iusto ullam qui et optio itaque consequuntur.","Commodi aut soluta amet libero assumenda corrupti. Nesciunt quia modi eos id et possimus sequi expedita. Magni voluptas rem molestias corrupti rerum reprehenderit repudiandae.","2023-02-14 10:18:27",10
24,"Autem laboriosam voluptatem aperiam soluta accusantium non dolore iusto dolor veniam a sed doloremque.","Sed tempore officia esse illum sit iure ipsa. Ipsa laudantium rerum alias et et veniam quia dolorum. Sit ipsam nihil quo consequatur vero. Nihil nesciunt perferendis soluta. Quia eos quibusdam dolorem consequatur ut placeat cupiditate.","2023-09-30 11:35:07",8
25,"Veritatis est perferendis atque eos deserunt recusandae et et sed in nesciunt odio.","Quaerat consequuntur magni ab. Magni magni atque ea quibusdam id. Error ea ipsa nemo voluptatem omnis esse excepturi. Et blanditiis saepe excepturi est temporibus voluptas nobis.","2023-03-25 10:44:37",5
26,"Numquam cumque est asperiores est corrupti corporis itaque ut architecto possimus aspernatur exercitationem aspernatur.","Nobis inventore et sit sequi et enim. Consequatur a nostrum sed ea. Id nisi quo voluptas sed ipsum. Quaerat soluta optio voluptatem dicta ullam ut suscipit. Et dicta id vel quo iusto. Quo ut sunt blanditiis perferendis dignissimos id molestiae. Ullam animi magni ut. Non aut nostrum consectetur ea.","2023-06-19 06:32:39",5
27,"Nam non autem architecto minus vero autem mollitia.","Neque id id sunt nulla praesentium tempore eos occaecati. Eligendi sunt quis rerum nulla eius corrupti quia. Repellat dolores quos rem quo architecto ut tempora.","2022-10-26 05:16:02",4
28,"Eos qui quos quidem sit et nesciunt et deserunt illo.","Eum eum et est ut autem sapiente et non. Et perferendis soluta eligendi. Quo sed nam dolor amet. Repellat ipsum qui in corporis. Corrupti hic qui minus fugiat cumque. A ut itaque repellendus. Animi qui illo qui enim omnis maiores.","2023-10-13 13:09:39",2
29,"Dolor qui omnis voluptatem nulla distinctio voluptas eveniet dignissimos maiores officia quis.","Maxime delectus beatae illo suscipit aut consequatur voluptate. Alias enim cumque et aut qui et mollitia. Quibusdam ad qui eos magni necessitatibus harum libero distinctio. Ut voluptatibus eius est omnis rerum illum sed.","2023-04-20 13:35:29",3
30,"Quia numquam eum repudiandae voluptatem earum veritatis enim earum.","Quos natus nihil sed laudantium aut dolore laborum ipsa. Omnis non voluptatem consequatur fugiat pariatur. Sit et sit voluptas delectus ex tempora. Esse rem esse illum eaque voluptatem.","2023-09-17 19:02:29",4
31,"Debitis reiciendis harum et ea vel aperiam non aperiam temporibus nisi.","Ducimus illum perspiciatis et amet quod in laudantium. Culpa quis eum ut illum incidunt repudiandae iure veritatis. Quam vel deleniti voluptatem eos minus. Placeat perferendis autem doloribus reiciendis.","2022-11-19 22:09:37",9
32,"Ullam quia ratione quis magni voluptatum pariatur.","Sed qui dolore perferendis eum doloribus aut. Quis tempore vitae non a vero. Voluptates ab qui debitis magni qui assumenda architecto consequatur.","2023-08-06 13:51:35",9
33,"Repellendus placeat vel quibusdam aut repudiandae a quos dolorem.","Ratione illo cumque veniam rem deleniti. Minus esse exercitationem aliquam. Ea repudiandae veniam ratione eveniet autem in deserunt. Sequi reprehenderit architecto voluptas sapiente expedita nulla nihil. Autem facilis explicabo et ab. Laudantium minus magni exercitationem.","2023-01-27 11:08:10",10
34,"Perferendis libero sunt deserunt vitae minima at et.","In eius voluptatem similique eius rerum enim odio. Culpa dolores molestias temporibus accusantium. Quam quo possimus facilis adipisci ducimus consequuntur. Quae nesciunt ducimus ut voluptas fugiat facere quod.","2023-04-17 01:39:27",3
35,"Recusandae fugit consequatur est aut ut rerum velit saepe eaque veritatis molestiae eligendi sint.","Sed ut ut amet. Quia dolorum vel quaerat soluta. Illum ipsam aperiam possimus recusandae id. Tempora nulla illum fugiat et. Dolores labore nihil quae.","2023-03-12 12:35:39",10
36,"Rerum et quo facilis officia dicta vero est.","Beatae similique quia doloribus culpa. Rem itaque et voluptate nulla voluptatem nihil modi sunt. Excepturi et quasi autem tempora cupiditate. Reprehenderit ea nesciunt aut nisi amet.","2023-02-04 20:35:54",3
37,"Laudantium et enim hic aut qui perspiciatis totam debitis.","Delectus iusto quam quisquam deleniti ex rerum ex porro. Ea ad praesentium qui qui nisi voluptates rerum. At eaque laborum autem aut. Facilis cum aliquid et dolor officiis aspernatur. Tenetur tempore molestiae ullam explicabo magnam placeat.","2023-03-23 19:47:31",9
38,"Est perferendis excepturi quisquam sit rerum est sunt consequatur optio eum.","Fuga necessitatibus dolorem nisi quaerat ratione numquam. Sit doloremque modi voluptates voluptate necessitatibus soluta et pariatur. Similique molestiae soluta soluta consequatur odio. Modi sed maiores nam minus iure.","2023-03-07 11:57:20",10
39,"Laudantium aperiam qui debitis doloribus reprehenderit veritatis tempore qui provident omnis.","Illo ut consequatur labore neque qui. Nesciunt pariatur nesciunt sed praesentium. Fugiat voluptatem et exercitationem rerum voluptates. Voluptatibus nemo blanditiis ut veniam possimus. Optio incidunt ut aut eos rerum. Quo nobis rerum et.","2023-04-07 23:56:19",1
40,"Voluptatem voluptas maxime soluta quis aut qui sunt architecto a quo cum.","Recusandae sunt reiciendis ut quia id. Animi possimus officia libero maxime fugit ipsam qui. Architecto qui ea libero impedit.","2023-09-09 01:03:37",4
41,"Quae earum molestias rerum soluta aut dolorem aut.","Vel consequuntur et doloremque. Voluptatem eligendi nihil et cum autem perspiciatis. Esse sed mollitia esse perferendis. Et officiis asperiores expedita vel cum fuga. Debitis quae perspiciatis pariatur est quia perspiciatis sunt. A incidunt molestiae corrupti eum. A est ea culpa optio ut non.","2022-11-05 16:16:20",1
42,"Amet sit omnis ut autem recusandae veritatis quis magni dolor.","Ab accusantium consectetur adipisci sapiente. Facere veritatis porro eius quod voluptates illum optio. Earum quae et rem vel. Est aut minima et porro rerum. Sint qui incidunt sint cupiditate veritatis cum reiciendis. Atque voluptates dicta omnis. Sint non dolore culpa optio et fugit in.","2023-09-03 08:02:44",8
43,"Tempora harum aut quis ipsum non temporibus libero molestiae aperiam.","Ad eos aut tempora est. Placeat quae corporis est cum. Quas nesciunt eos nisi fugiat. Suscipit nam expedita nostrum debitis atque. Quod qui et blanditiis sapiente natus et incidunt.","2023-07-20 22:54:33",5
44,"Fugit aut consequuntur sit ab autem tempora incidunt quas nesciunt eaque accusantium minus voluptatem.","Aut et molestiae fugit amet cumque et sed. Quia est unde id omnis est. Dolorem nostrum doloribus voluptatem veniam. Officia sed eaque omnis sequi est quaerat necessitatibus.","2023-03-04 15:21:21",7
45,"Dignissimos harum nostrum qui dolores ab voluptatem sint laborum assumenda fugiat ea.","Numquam odio ratione qui exercitationem illo accusamus incidunt. Praesentium quo dolorem explicabo explicabo ratione. Velit dolorem voluptatibus illo ipsum facilis hic explicabo. Rerum sapiente tempora ea molestiae eveniet. Quo occaecati ex magni omnis.","2023-01-29 07:10:33",1
46,"Eligendi ut fugiat natus ducimus modi id.","Modi in quos modi amet dolores. Eum sed nostrum aliquam officia possimus. Accusantium perspiciatis voluptatem similique molestias. Sit ea magni vel reiciendis veritatis. Voluptas libero consequuntur et accusantium nisi explicabo. Reiciendis dolor facilis esse eveniet placeat magni.","2023-03-27 21:13:12",7
47,"Laudantium tenetur dolor mollitia totam nemo laborum reiciendis beatae.","Accusamus suscipit sequi optio eum quia impedit modi dolor. Ea aut ut quibusdam illo tempore ut aliquam. Sit et voluptatem impedit eligendi quos dolores ea. Est voluptatem rerum aliquid voluptate velit ut ut laborum.","2023-04-11 12:42:33",2
48,"Totam praesentium adipisci impedit molestiae atque in quam placeat eos et aperiam.","Adipisci odit at qui nulla repellat delectus. Minima commodi atque dolorum unde. Et quo maxime voluptatem rerum enim et. Voluptas asperiores reiciendis et corrupti sit fugiat. Quas et natus distinctio modi.","2022-10-30 09:39:58",2
49,"Sint voluptatem nisi molestiae voluptatem fugiat id.","Eos dolores dicta illo qui aspernatur fuga laudantium. Consequatur accusamus voluptas maxime beatae velit quidem quos accusamus. Debitis quia in iure occaecati et. Eveniet dolores recusandae molestiae.","2023-06-11 11:12:07",6
50,"Rerum est ipsa omnis placeat velit minima occaecati.","Perferendis dolor rerum laudantium debitis doloremque sit magni enim. Aut perferendis accusantium ullam alias qui. Nihil non doloribus aliquam rerum autem aliquam. Velit sequi quia distinctio sequi numquam aut ut. Maiores at voluptatem dolor voluptatem cum perferendis aut dolore.","2023-01-13 17:57:21",10
