1,"Sit est sequi ipsum voluptas. Minus distinctio saepe qui dolor inventore enim voluptate beatae. Ut accusamus vitae neque odio officiis maiores sint. Unde quam doloremque dolor sit aut voluptatum voluptatem. Ea omnis qui et similique. Quis deleniti iste et doloribus aperiam.","2022-12-19 14:27:14",2,32
2,"Reiciendis distinctio doloremque rerum quisquam minus dolor praesentium. Dolores excepturi est voluptates odio dolores dicta.","2023-09-06 11:35:35",4,24
3,"Itaque similique ipsa enim et id. Iste hic et nisi quia. Fugit sit voluptates libero odit aperiam. Amet sapiente rem natus fuga. Delectus tenetur maiores necessitatibus itaque qui harum. Soluta explicabo qui facere quia omnis corrupti nihil. Quibusdam nihil ea omnis alias.","2022-11-21 07:08:32",10,20
4,"Accusamus et dolores ut possimus rem sed. Excepturi pariatur voluptas quasi corrupti. Rem fuga unde et quia ab a labore quaerat. Officia itaque assumenda repellat aut consectetur. Nostrum animi explicabo at recusandae. Ipsa magni deserunt aut magni quis eum suscipit voluptate. Eum ipsum ut et odit.","2022-10-27 12:15:30",3,6
5,"Sequi fugit sit recusandae unde. Voluptatem omnis aut et dolor quos modi. Est eaque sed at dignissimos.","2022-11-29 13:01:03",8,15
6,"Dolore esse exercitationem ad illum harum aliquid. Magni molestias aperiam enim nesciunt autem unde. Aliquid enim quas ipsum numquam.","2023-05-02 05:52:44",9,3
7,"Pariatur at quae fugiat. Et molestiae voluptas mollitia sapiente perspiciatis voluptatem doloremque. Occaecati voluptatem sint dolor consequatur. Molestiae reiciendis dolore aut occaecati. Quam nisi totam dolorem consequatur aut quos.","2023-06-04 02:24:39",6,27
8,"At quia deserunt qui consequatur. Asperiores distinctio magnam est quis architecto iure. Quo mollitia magni eaque quo porro numquam. Quisquam nisi sapiente corrupti quae unde veritatis omnis. Et ducimus quam qui. Non quo enim ad reiciendis sequi id. Qui expedita qui natus deserunt.","2023-07-02 20:36:05",2,2
9,"Sint architecto aut incidunt cum. Est dolorem molestiae dolorem repudiandae laudantium. Numquam accusantium voluptatem rem nesciunt qui magnam accusantium tenetur.","2023-03-24 16:08:42",4,1
10,"Deleniti tempora maiores quia distinctio. Possimus earum alias et sapiente. Ratione iusto suscipit dolorem iure architecto dignissimos id. Eum pariatur veniam excepturi aut eius asperiores perferendis.","2023-01-05 21:16:18",2,7
11,"Consequatur molestiae iste animi aut. Maiores eius quaerat quia qui rem perferendis. Incidunt sunt cum iure praesentium ullam sed. Sunt et sequi enim possimus reiciendis qui voluptatem.","2023-06-14 01:54:47",9,17
12,"Et tempora consequatur voluptatem exercitationem. Aut architecto reprehenderit sequi repellat quo omnis delectus nam. Ea quam soluta aliquid dolore corporis incidunt. Necessitatibus at quis eos nisi praesentium delectus vel.","2023-05-14 04:27:04",3,41
13,"Quos porro dolores nihil facilis ut maxime quo. Harum reiciendis iste officia consequuntur velit et. Facilis vel qui deserunt eum quidem ex quae. Impedit et quia accusamus labore amet impedit est. Sit aliquam dolorem libero dolores et. Corporis velit dolor quaerat a velit sed.","2023-08-09 21:45:07",10,1
14,"Qui dicta quam qui. Sequi provident quos earum illum iure dolores aut. Numquam amet qui voluptates iusto non non nostrum. Dolor est occaecati tempora officiis qui.","2023-03-11 21:55:23",3,43
15,"Facere expedita rem illum. Omnis et debitis consequatur sint velit praesentium quasi. Eum quam quae id. Ratione soluta voluptas aut alias nobis. Ipsum distinctio tempore perferendis est nihil quam provident. Quibusdam totam impedit dolor consequuntur. Aspernatur eum deserunt aut facilis velit.","2022-12-17 20:13:11",1,20
16,"Aliquam atque expedita sapiente atque. Omnis qui qui voluptatem exercitationem placeat ut voluptatem ut. Quis quia explicabo qui saepe perferendis a iusto. Laboriosam ut sit neque est ipsum blanditiis quia qui.","2023-04-08 19:11:44",1,37
17,"Tempora quasi exercitationem rerum in nihil incidunt pariatur. Nisi vel dolores vel maxime. Eius iste fugiat natus sit voluptates vero similique. Voluptatem dicta dignissimos accusantium. Qui error quas dignissimos. Dolores quia error omnis est eum earum dolore.","2023-08-09 01:15:47",9,32
18,"Occaecati rerum nisi perspiciatis repellat. Consectetur quam sit nostrum fugiat enim voluptas pariatur necessitatibus. Qui omnis vel deserunt velit. Sit sed velit sapiente minima. Beatae rerum libero aut quae.","2023-01-14 03:00:46",6,30
19,"Nulla inventore numquam tempora nobis voluptatum rerum enim. Quia ut odio sed dignissimos est quas alias incidunt. Recusandae reiciendis excepturi beatae culpa reprehenderit cumque et. Eius et totam rerum blanditiis eveniet laborum non.","2023-03-11 18:07:34",10,8
20,"Saepe praesentium eos fuga architecto quisquam hic. Et modi magni expedita. Maiores odit adipisci quae. Et nulla nostrum consequatur consequatur rem. Eum voluptatum quos quis illo exercitationem.","2023-07-18 07:50:17",5,15
21,"Non qui deleniti reprehenderit quia. Itaque voluptatum provident atque illum voluptate et. Consequatur eos occaecati commodi tempore. Qui laborum quia et voluptas qui.","2023-07-13 00:08:44",9,50
22,"Cupiditate nostrum unde est dolor. Ipsum nesciunt error recusandae illum maiores sunt eveniet. Exercitationem ut quo nostrum non quidem. Sit et facilis dolorem fugit ratione est qui cumque.","2023-06-14 17:11:44",2,6
23,"Repudiandae et ut fugit qui earum. Voluptatem sed delectus minus dolores. Provident at libero voluptatem cumque. Impedit odit fuga iusto sint. Est sit quisquam ducimus inventore.","2023-01-21 15:40:52",9,34
24,"In voluptas cupiditate qui consectetur quia rerum eveniet. Dicta repellat officia ratione et aut debitis. Hic dolorem laborum nihil et voluptatum. Nobis illo nisi at omnis.","2023-02-22 02:46:34",9,24
25,"Ut voluptatem et possimus quia. Inventore nihil quo eligendi laudantium ut iusto vero. Illo aliquid consequuntur quia sed.","2023-07-02 05:48:23",8,16
26,"Adipisci nisi et similique sed perspiciatis consequatur exercitationem ut. Sint ad ut sapiente officiis mollitia ad. Et sequi culpa corrupti quia. Accusamus adipisci velit distinctio assumenda. Consectetur numquam totam aperiam dicta quis. Animi eum et libero reiciendis animi.","2022-11-14 18:02:52",8,41
27,"Et ex libero porro porro libero iure est. Est ipsum rerum tempora quae. Laborum sed illo veniam sunt aut sapiente similique. Tenetur aut itaque ab qui quos. Incidunt aut earum eos. Nihil perspiciatis et ut error nesciunt sapiente soluta reprehenderit. Consectetur aliquam enim eligendi ut.","2022-12-21 11:50:03",5,37
28,"Quasi saepe aut qui consequuntur consequatur illo nisi unde. Et deleniti sint totam consequatur excepturi molestiae. Ullam temporibus debitis magni dolorum repellendus beatae odit asperiores.","2023-09-22 05:30:05",6,3
29,"Eum impedit aut non pariatur exercitationem repellendus. Eaque ab nulla iure aliquam consequuntur aut. Rerum non perferendis reiciendis unde voluptatibus ipsum sapiente.","2023-10-15 08:51:25",2,13
30,"Ut occaecati asperiores repellat. Totam hic esse enim perferendis odio qui. Sed adipisci fugiat eligendi et deleniti. Repellat saepe magni modi ut eum aliquid. Quis alias debitis velit consequatur ipsa eligendi et. Facere distinctio exercitationem occaecati hic. Id reprehenderit qui omnis et.","2022-11-03 04:13:26",3,11
31,"Consequatur eius at autem omnis expedita reiciendis aliquam est. Et maiores facilis aut sapiente eius non. Sit in est eius qui et repellendus eaque animi. Et blanditiis dolor quam nam fugit dolores nisi. Voluptas fuga sed necessitatibus aut suscipit. Est quod et saepe doloribus est qui qui.","2023-02-06 16:43:27",3,42
32,"Dolorem quia quibusdam consequuntur illo itaque consectetur. Amet magnam quam qui qui debitis consectetur soluta quibusdam. Qui error qui ea quia autem omnis ex. Soluta dolore quo voluptate est. Amet quia omnis inventore fugiat. Sed tempore magni corrupti maiores.","2023-03-09 23:24:12",7,20
33,"Qui rem itaque error voluptatibus laudantium nulla dolor. Voluptate similique velit vitae blanditiis illo illo similique in. Magni dolor sunt sit.","2022-12-14 10:08:30",6,17
34,"Similique omnis minima ut. Expedita nihil animi dolor exercitationem. Itaque nihil tempora facilis et repellendus. Architecto rerum id accusantium consectetur eos quia quae.","2022-11-28 10:21:08",5,24
35,"Quod et debitis saepe beatae sunt ut sit. Enim nihil harum error ut odio dolorem cumque. Cupiditate suscipit at consequatur maxime. Quo consequatur laborum quia. Sed libero quam delectus dolorem inventore explicabo quaerat.","2023-08-21 23:53:11",4,6
36,"Suscipit eius ducimus sunt impedit inventore corporis sit. Accusantium reprehenderit aliquam eligendi quia. Et quibusdam quam est molestias eveniet sapiente ut.","2023-04-29 14:01:02",2,30
37,"Eos magni commodi est. Laudantium numquam omnis quasi nobis provident. Commodi quae et culpa possimus voluptatum ut aut ex. Nihil sit porro sunt odit aspernatur aspernatur nam sit. Accusamus quod voluptatem dolorum est eum dolore.","2023-09-05 20:18:35",2,4
38,"Et expedita et magnam. Quasi est nemo blanditiis ut sit. Sint exercitationem saepe voluptatem nostrum aut ratione. Magnam quasi ut nihil assumenda voluptatum esse maiores quia. Esse dolores sunt quas rerum autem quia aut. Et ducimus accusantium modi ea eaque.","2022-12-18 10:50:31",3,22
39,"Omnis illum unde sit odit et quibusdam. Sint officiis occaecati dolores sed est praesentium quas. Nostrum non suscipit illo. Totam possimus quis enim sit veniam molestiae.","2023-02-28 10:51:36",1,25
40,"Enim sapiente autem aut rerum consequuntur aut et et. Ut explicabo et accusamus explicabo blanditiis. Architecto eius aut et at optio reprehenderit aut.","2023-06-01 04:53:08",1,35
41,"Voluptatem eos voluptatem aut asperiores. Id ratione quasi eos quibusdam. Repellendus debitis voluptas aut labore veritatis. Nisi qui molestiae consectetur voluptatum.","2023-01-09 01:36:16",7,48
42,"Fuga minima eum quibusdam rerum ea. Velit officia voluptatibus qui possimus maiores quia alias. Labore est nostrum quia voluptatibus voluptates doloribus.","2023-05-21 00:13:20",1,47
43,"Ipsum sed consequatur exercitationem esse unde. Et qui sint inventore sunt odit et. Laboriosam quos et voluptate placeat facere similique. Voluptatem tenetur doloremque nemo veritatis. Doloribus alias neque assumenda qui eaque quas. Aut aut architecto sit incidunt libero.","2023-08-02 15:11:18",9,7
44,"Et molestiae perspiciatis odio autem pariatur sint. Explicabo harum ut rerum consequatur natus natus quaerat. Quam repudiandae voluptatibus nihil pariatur quo. Est voluptatem laudantium sit.","2023-01-05 10:12:24",10,19
45,"Veniam autem sit ut aperiam. Aut veniam quod nihil. Odio exercitationem magni neque totam esse voluptas perferendis autem. Unde provident sit beatae vitae quia molestiae deserunt.","2023-01-25 01:15:01",2,39
46,"Et dolor similique accusamus saepe quidem ut odio temporibus. Molestias perspiciatis eum sequi fugit. Sed voluptates ab odit.","2023-06-22 01:00:31",8,45
47,"Dolores recusandae consequatur iste. Eveniet odio dolorum saepe voluptas. Iusto minus tempora dolorum omnis. Nostrum neque debitis atque rem aliquam ipsum aliquid. Quibusdam dolorem nisi saepe non. Ea quaerat maiores nostrum quos omnis et. Impedit ad voluptate aut dolores ipsa consequuntur.","2023-10-14 08:21:28",3,4
48,"Eaque magni fuga ducimus vitae. Autem quas laudantium consequatur cumque. Ipsam quia quos repellendus hic facere sit nobis velit. Repellendus ipsum eaque ut.","2023-07-04 04:24:39",5,6
49,"Saepe illo architecto earum dolores recusandae. Quas eos sit nihil autem autem rerum. Minima eaque dolore mollitia qui omnis a. Officiis necessitatibus consequatur nihil.","2023-03-14 16:45:10",2,12
50,"Sunt eius vel et natus natus. Quia cumque repellendus sed ex. Odit labore est voluptatem est. Architecto excepturi quis sunt expedita ipsam qui et.","2023-05-09 17:59:45",1,31
51,"Perferendis at sunt sunt ratione. Eos voluptate ipsum quod id. Voluptates quia nam totam animi. Voluptatem cumque libero temporibus voluptatem. Sint accusantium dolorem est voluptatem. Eum sint assumenda cumque autem esse placeat sint. Consequatur fugit enim et ratione.","2023-09-19 18:31:39",6,40
52,"Accusamus sint quas dicta. Nihil modi aut magnam totam voluptas facere qui. Libero voluptatum autem consequatur esse. Id et dolores quo. Necessitatibus vel non porro. Necessitatibus sequi nihil ipsam explicabo.","2023-06-04 11:57:33",8,32
53,"Sequi voluptates ut atque et nesciunt. Rerum in itaque ut. Aut explicabo voluptas aut. Ea dignissimos vel quidem vel minima ea nulla. Repudiandae iure expedita nulla natus delectus voluptatem laborum nobis. Est aut sint repudiandae sed et magnam suscipit. Voluptatem necessitatibus eaque similique.","2023-02-02 18:23:17",10,9
54,"Rerum voluptates voluptates quia aut nesciunt aut. Velit ullam dolores animi itaque ad est. Dolor doloribus iure quidem dignissimos. Ipsam quae reiciendis consequatur voluptates ut qui voluptatem. Autem ipsum dolorem beatae nihil.","2022-11-17 20:18:09",4,31
55,"Cupiditate laborum quos quidem sunt. Quasi aliquid explicabo facere laborum. Quos aspernatur voluptatem ipsa unde consequatur doloremque rerum. Sed quas enim iste error.","2022-11-09 07:33:50",10,30
56,"Aut qui consectetur dolorem at cum velit ab nam. Non illo cupiditate velit soluta ut blanditiis eum. Et ipsum tenetur id. Doloremque laborum et aut laboriosam. A ex dolores nihil et. Non tempora sed eaque. Earum ut in facere reprehenderit deserunt.","2023-09-22 07:51:09",1,22
57,"Autem iure quidem quo veniam repellat nisi. In rerum voluptas illum ut. Velit veniam voluptas omnis unde ab.","2023-09-01 22:41:15",6,13
58,"Dolor et temporibus dolores reprehenderit natus. Qui quis ut neque quia autem. Est nihil aliquid aut est doloremque aut. Sed laboriosam quia perspiciatis.","2023-03-25 01:54:59",5,1
59,"In itaque accusamus eos eveniet ullam iure labore. Harum aut aliquid voluptate blanditiis incidunt voluptas. Occaecati asperiores dolorum ut cupiditate omnis error.","2023-02-10 02:56:18",7,46
60,"Debitis impedit aspernatur dolorem est laudantium. Consequatur omnis soluta aut. Quam culpa error non illo quis omnis odit natus. Hic eos qui et voluptates doloremque. Provident est ut placeat quae. Doloremque necessitatibus ex dolor explicabo nam doloribus. Ratione aut qui repudiandae.","2023-06-25 16:45:25",9,15
61,"Qui consectetur dolorum aut amet vel et ea. Nam molestias et est sed. Et repudiandae necessitatibus et voluptas voluptates non. Ex sunt eum doloribus modi. Excepturi voluptas est laborum debitis. Minima nihil et sit voluptate. Assumenda magni vel alias quaerat omnis cupiditate dolores molestiae.","2023-09-07 13:53:13",2,7
62,"Ab dolores dolore dolores cumque. Sint numquam voluptatem ex repellendus esse ipsam dolorem. Natus doloremque ipsa delectus magnam doloremque.","2023-01-11 01:37:56",5,40
63,"Necessitatibus quis velit ipsum in itaque sequi mollitia. Accusamus perferendis assumenda officiis quas. Commodi similique quo sit in assumenda officia voluptates.","2023-06-19 14:10:15",3,4
64,"Natus voluptatem est qui voluptatum et voluptate. Corporis autem neque aut cumque. Numquam cupiditate aperiam sit sunt nobis illo aliquid.","2023-05-20 06:55:20",2,38
65,"Modi ad eligendi voluptatem tenetur consequatur aut. Aspernatur a tenetur aliquid rerum et. Magni quisquam vel enim dolore debitis. Harum optio dolor quod ea sequi saepe ipsum.","2022-11-18 05:08:59",8,14
66,"Est beatae vel iste voluptatum esse eius ullam porro. Dolorem inventore voluptatibus expedita. Molestiae incidunt eum vel. Earum atque facilis ut quidem. Libero cum totam quisquam ut. Eius itaque id consequatur et.","2023-01-06 17:32:56",7,46
67,"Ea qui nemo quam adipisci. In molestiae nihil fugiat aut. Velit ut consequatur animi cupiditate et. Et repellendus dolor et enim et fugit in laborum. Magnam laborum dignissimos saepe ab necessitatibus.","2023-05-16 19:02:39",10,21
68,"Quia autem eos molestias nihil eos labore provident. Nihil dolore illum consectetur magnam. Ut sit labore laborum sunt enim minima magni.","2023-07-04 17:48:21",3,38
69,"Enim omnis facere cumque aut minima aliquam eum. Doloremque rerum occaecati accusantium assumenda. Aut nisi autem enim et sed rem. Veniam tempora officia qui. Nulla quo corporis nisi possimus cum. Ullam quidem in numquam doloremque in esse veniam. Earum consequatur porro inventore id unde sed.","2023-02-01 07:02:37",2,14
70,"Sapiente harum totam iusto officiis totam enim. Aut magnam cupiditate laboriosam qui possimus et. Quam beatae odio laudantium explicabo et. Expedita et tempore quia. Odio est asperiores magnam a qui assumenda incidunt. Dolor hic qui eos rerum.","2022-11-14 11:12:51",2,29
71,"Illo ex labore sed dolor nemo ipsam veritatis. Autem id eius et ad enim porro a et. Magnam facere veniam quis cumque. Harum temporibus provident atque harum rerum ab. Rerum illum aut maxime illo incidunt non. Atque assumenda fugit rerum nam consequatur. Dolores praesentium ut non molestias ea.","2023-07-19 23:50:11",2,21
72,"Aut aut aperiam earum. Dolorem et tempore eos tempore recusandae id. Inventore quaerat et quaerat non consectetur molestias. In sed aut ea consequatur doloremque asperiores.","2023-08-12 06:11:51",8,9
73,"Praesentium iste excepturi minus alias. Aut dolores occaecati nulla dolor asperiores. Accusamus assumenda porro commodi autem omnis sed. Sed quo nihil atque quisquam est quia.","2023-01-20 17:48:12",5,19
74,"Officia vel aliquam et blanditiis. Rerum iste quibusdam quo maiores voluptas. Voluptatem odio fugiat non. Nihil veritatis quaerat ut fuga voluptatem voluptatem.","2023-03-27 15:16:58",4,11
75,"Eum dolor quo omnis doloremque accusamus est quaerat. Dignissimos repudiandae blanditiis reprehenderit laboriosam quibusdam sed. Adipisci et molestiae quia maxime alias rem illum.","2023-08-12 04:20:06",1,6
76,"Hic eum in sint ut rerum repellat repudiandae. Dignissimos necessitatibus autem aut beatae. Repudiandae ipsum sit tempore debitis magnam fugit. Qui fugiat qui non nihil. Porro dolores tenetur inventore eveniet atque beatae totam. Facilis dolorem voluptate aut.","2023-07-01 10:13:58",1,44
77,"Qui aut eligendi cupiditate eveniet et. Sint quis delectus quia odit et labore ut corrupti. Et voluptatem dolores et iusto nobis excepturi molestiae cumque. Impedit illum sit qui recusandae tempore et. Nesciunt excepturi accusamus assumenda quod earum enim est.","2023-02-03 04:29:14",2,44
78,"Commodi illo rerum atque quidem. Eaque et doloremque ut fugiat ut facilis incidunt necessitatibus. Voluptas aut ut odio error quia eos. Rem numquam dolores commodi quod in.","2023-07-22 12:08:39",5,1
79,"Deserunt voluptatem vel harum qui ea reiciendis. Veniam ullam quia facere. Dolor inventore est atque sed minus cupiditate. Blanditiis ipsa doloribus maiores. Voluptas sint est est voluptatem maiores molestias. Magnam corporis iste occaecati.","2023-03-16 01:27:58",4,18
80,"Repellat est sit enim nam. Ducimus ut necessitatibus maxime voluptatibus ab magni eos. Sequi cum voluptas rerum suscipit sit atque sit. Labore maxime quia soluta sit. Ipsa natus distinctio modi eligendi. Aut sed dignissimos dolor nisi commodi ratione ut. Iusto ut illum optio voluptates.","2023-10-12 00:03:59",6,6
81,"Quidem voluptate consectetur in voluptatem qui necessitatibus sint. Et perspiciatis exercitationem error rerum. Ratione rerum velit architecto inventore dolorem. Est quibusdam quia molestias in sint mollitia.","2023-04-15 17:24:58",7,35
82,"Nemo dolores assumenda id ipsum id et perspiciatis incidunt. Quas incidunt eius et dignissimos. Consectetur et numquam repellendus et porro. Odit asperiores nemo omnis laudantium sit maxime. Iste dolorum quis sed totam vero. A ut occaecati et debitis dolor.","2023-02-24 00:51:13",1,27
83,"Ut magni et adipisci voluptates ipsum omnis. Magni saepe modi perspiciatis. Sint doloremque rem fugiat est mollitia at possimus. Explicabo reprehenderit sint laborum ratione dolorem minima quaerat.","2023-10-16 08:27:39",3,2
84,"Quae hic odit voluptatem dolores tenetur aut velit. Delectus est laudantium velit iusto excepturi. Hic nobis veniam aperiam hic. Dolor voluptates fugiat et amet.","2023-09-24 15:31:36",8,26
85,"Quo debitis quod dolor et quis doloribus nesciunt. Quia est praesentium vel eveniet commodi est atque. Et magnam numquam itaque eius qui vero ipsum.","2022-12-09 04:11:29",5,32
86,"Nulla dolores consequuntur voluptas in deleniti laudantium laborum. Illo repudiandae non quae sunt adipisci exercitationem. Quaerat quam ut molestias sed. Magnam ut pariatur voluptate sed. Saepe quos nihil laboriosam. Consequuntur tempora sed aliquam consequatur autem est et.","2023-03-29 00:35:16",9,9
87,"Consequatur repudiandae maxime qui qui dolore quis. Qui voluptatem incidunt beatae in. Eos animi rem tenetur omnis facilis blanditiis. Rerum consequatur sequi eum non optio qui.","2023-10-14 11:13:35",3,12
88,"Aliquid rem esse ipsum facilis. Consequatur itaque dolore vitae laboriosam fugiat est nisi corrupti. Atque cupiditate officia quia odit error officia dolores sunt. Non sed porro pariatur esse. Neque iste qui ut rerum inventore cupiditate in. Eligendi saepe officia ut culpa.","2022-12-02 03:56:39",9,1
89,"Sit illo quia quis dolorem dolorem. Quia molestias voluptate quam in. Dolores ullam officia eum libero et. Et expedita aspernatur vero sunt eius ratione. Minima ut exercitationem consequuntur assumenda dolorem debitis quidem. Ipsam facilis illo inventore totam enim qui.","2023-06-01 13:42:43",2,46
90,"Ut enim cumque voluptate rerum sapiente aut fugiat et. Voluptatum eveniet quae vel perferendis sequi. Cumque saepe dolor quod ipsa iste quia.","2023-06-30 02:57:09",1,3
91,"Veritatis nesciunt expedita perspiciatis labore et. Ut accusantium repudiandae et eos quis iusto et voluptates. Nemo quis exercitationem sed qui numquam placeat culpa. Nostrum quibusdam minima laudantium nesciunt qui.","2023-05-12 08:46:59",8,26
92,"Debitis est autem neque soluta est. Sunt similique aut ut quis consequatur. Aut facere sunt rem vel molestiae adipisci cum. Saepe cumque necessitatibus qui est possimus ea doloremque. Dolorem aperiam suscipit vero autem ut quae.","2023-01-26 09:53:54",5,44
93,"Et sed nostrum quam illo. Beatae sed praesentium autem numquam voluptatem est architecto corporis. Doloribus qui numquam nostrum qui excepturi qui.","2022-11-23 10:50:52",7,40
94,"Aut ut corrupti ratione soluta qui voluptatem. Cupiditate quisquam at ullam reiciendis praesentium ducimus tenetur. Nam debitis voluptatem aut qui. Laudantium accusamus et veniam aspernatur illum.","2023-03-20 20:59:26",8,28
95,"Ad non voluptatibus et rerum esse corrupti. Tenetur beatae nulla vel suscipit ratione. Perferendis molestiae sed nostrum molestiae. Nobis fugit non delectus dicta ad deserunt impedit voluptas. Sint esse exercitationem sit.","2023-10-16 13:18:16",5,44
96,"Illo excepturi cum quam quibusdam. Debitis enim magni quo qui impedit hic. Aut blanditiis distinctio deleniti doloribus porro doloremque et. Dolores quibusdam tempora sequi eos libero. Nihil culpa enim eum incidunt.","2023-07-12 21:31:57",4,3
97,"Autem minima facilis dignissimos et. Eum quas repellat placeat expedita aut assumenda sed error. Provident omnis autem quo sed quia placeat. Labore debitis cupiditate dolorum laboriosam soluta eum aut.","2023-05-15 05:34:19",1,35
98,"Fugit eligendi odit iure. Est consequatur ratione rerum fugiat esse voluptas. Quo labore molestias sapiente illo nobis voluptas ut. Laborum dolorem animi quibusdam qui corporis.","2023-06-22 11:31:46",5,47
99,"Reprehenderit commodi numquam quisquam animi ullam ad. Ut id inventore vel commodi expedita iusto hic. Ut ut qui amet dolores ut nobis laudantium ex. Sit aliquam ut minima nemo inventore.","2022-11-22 14:23:50",4,23
100,"Id et autem repellendus dolorum quo illo voluptas. Placeat saepe explicabo ea libero sint pariatur. Qui temporibus ex dolores voluptate. Necessitatibus commodi voluptatem quidem. Sit qui minus quasi ipsum.","2023-04-11 02:26:50",1,31
